Idioma,Categoría,Palabra clave
Español,General,malaga vuelos 
Español,General,malaga tiempo
Español,General,malaga alquiler de coche
Español,General,malaga hotel
Español,General,malaga air bnb
Español,General,malaga qué ver
Español,General,malaga qué hacer
Español,General,malaga aeropuerto
Español,General,malaga donde
Español,General,malaga ciudad
Español,General,malaga restaurantes
Español,Específico,malaga feria
Español,Específico,malaga semana santa
Español,Específico,malaga invierno
Español,Específico,malaga playa
Español,General,fuengirola aeropuerto cercano 
Español,General,fuengirola tiempo
Español,General,fuengirola alquiler de coche
Español,General,fuengirola hotel
Español,General,fuengirola air bnb
Español,General,fuengirola qué ver
Español,General,fuengirola qué hacer
Español,General,fuengirola donde
Español,General,fuengirola ciudad
Español,General,fuengirola restaurantes
Español,General,marbella aeropuerto cercano 
Español,General,marbella tiempo
Español,General,marbella alquiler de coche
Español,General,marbella hotel
Español,General,marbella air bnb
Español,General,marbella qué ver
Español,General,marbella qué hacer
Español,General,marbella donde
Español,General,marbella ciudad
Español,General,marbella restaurantes
Español,General,estepona aeropuerto cercano 
Español,General,estepona tiempo
Español,General,estepona alquiler de coche
Español,General,estepona hotel
Español,General,estepona air bnb
Español,General,estepona qué ver
Español,General,estepona qué hacer
Español,General,estepona donde
Español,General,estepona ciudad
Español,General,estepona restaurantes
Español,General,benalmadena aeropuerto cercano 
Español,General,benalmadena tiempo
Español,General,benalmadena alquiler de coche
Español,General,benalmadena hotel
Español,General,benalmadena air bnb
Español,General,benalmadena qué ver
Español,General,benalmadena qué hacer
Español,General,benalmadena donde
Español,General,benalmadena ciudad
Español,General,benalmadena restaurantes
Español,General,torremolinos aeropuerto cercano 
Español,General,torremolinos tiempo
Español,General,torremolinos alquiler de coche
Español,General,torremolinos hotel
Español,General,torremolinos air bnb
Español,General,torremolinos qué ver
Español,General,torremolinos qué hacer
Español,General,torremolinos donde
Español,General,torremolinos ciudad
Español,General,torremolinos restaurantes
